ID,tasa_asistencia,completacion_tareas,puntuacion_participacion,promedio_calificaciones,actividades_extracurriculares,involucramiento_parental,nivel_riesgo
ID_001,95,92,8.5,16.2,2,Élevée,Faible
ID_002,73,58,4.2,9.8,0,Faible,Élevé
ID_003,88,85,7.1,14.5,1,Moyenne,Faible
ID_004,92,88,7.8,15.3,2,Élevée,Faible
ID_005,68,45,3.5,8.2,0,Faible,Élevé
ID_006,81,72,5.8,11.5,1,Moyenne,Moyen
ID_007,96,94,9.2,17.5,3,Élevée,Faible
ID_008,71,52,3.8,8.9,0,Faible,Élevé
ID_009,85,78,6.5,13.2,1,Moyenne,Faible
ID_010,93,91,8.3,16.8,2,Élevée,Faible
ID_011,76,61,4.5,10.2,0,Moyenne,Moyen
ID_012,90,86,7.5,14.8,2,Élevée,Faible
ID_013,69,48,3.2,7.8,0,Faible,Élevé
ID_014,87,82,6.9,13.8,1,Moyenne,Faible
ID_015,94,93,8.8,17.1,3,Élevée,Faible
ID_016,72,55,4.0,9.5,0,Faible,Élevé
ID_017,83,75,6.2,12.5,1,Moyenne,Faible
ID_018,91,89,8.0,15.9,2,Élevée,Faible
ID_019,78,65,5.0,10.8,1,Moyenne,Moyen
ID_020,97,95,9.5,18.2,3,Élevée,Faible
ID_021,70,50,3.6,8.5,0,Faible,Élevé
ID_022,86,80,7.2,14.1,2,Moyenne,Faible
ID_023,89,87,7.7,15.5,2,Élevée,Faible
ID_024,74,59,4.3,9.9,0,Moyenne,Moyen
ID_025,92,90,8.5,16.5,2,Élevée,Faible
ID_026,67,44,3.0,7.5,0,Faible,Élevé
ID_027,84,77,6.4,13.0,1,Moyenne,Faible
ID_028,95,94,9.0,17.8,3,Élevée,Faible
ID_029,79,68,5.2,11.2,1,Moyenne,Moyen
ID_030,88,84,7.3,14.7,2,Élevée,Faible
ID_031,71,53,3.7,8.7,0,Faible,Élevé
ID_032,93,92,8.6,16.9,3,Élevée,Faible
ID_033,82,74,6.0,12.2,1,Moyenne,Faible
ID_034,75,62,4.6,10.5,1,Moyenne,Moyen
ID_035,90,88,7.9,15.7,2,Élevée,Faible
ID_036,68,46,3.3,8.0,0,Faible,Élevé
ID_037,87,83,7.0,14.2,2,Moyenne,Faible
ID_038,94,93,8.9,17.3,3,Élevée,Faible
ID_039,77,64,4.8,10.6,1,Moyenne,Moyen
ID_040,91,89,8.1,16.0,2,Élevée,Faible
ID_041,72,56,4.1,9.3,0,Faible,Moyen
ID_042,85,79,6.6,13.4,1,Moyenne,Faible
ID_043,96,95,9.3,18.0,3,Élevée,Faible
ID_044,69,49,3.4,8.3,0,Faible,Élevé
ID_045,89,86,7.4,15.0,2,Élevée,Faible
ID_046,80,70,5.5,11.8,1,Moyenne,Moyen
ID_047,92,91,8.4,16.6,2,Élevée,Faible
ID_048,73,57,4.2,9.7,0,Faible,Élevé
ID_049,86,81,6.8,13.7,2,Moyenne,Faible
ID_050,95,94,9.1,17.6,3,Élevée,Faible
ID_051,70,51,3.5,8.4,0,Faible,Élevé
ID_052,88,85,7.2,14.6,2,Moyenne,Faible
ID_053,93,92,8.7,17.0,3,Élevée,Faible
ID_054,76,63,4.7,10.3,1,Moyenne,Moyen
ID_055,84,76,6.3,12.8,1,Moyenne,Faible
ID_056,91,90,8.2,16.2,2,Élevée,Faible
ID_057,71,54,3.9,9.0,0,Faible,Élevé
ID_058,87,82,6.9,14.0,2,Moyenne,Faible
ID_059,94,93,8.8,17.2,3,Élevée,Faible
ID_060,78,66,5.1,11.0,1,Moyenne,Moyen
ID_061,90,87,7.6,15.4,2,Élevée,Faible
ID_062,72,55,4.0,9.2,0,Faible,Élevé
ID_063,85,78,6.5,13.1,1,Moyenne,Faible
ID_064,96,95,9.4,18.1,3,Élevée,Faible
ID_065,68,45,3.1,7.6,0,Faible,Élevé
ID_066,89,86,7.5,15.1,2,Élevée,Faible
ID_067,81,71,5.7,11.6,1,Moyenne,Moyen
ID_068,93,91,8.5,16.7,2,Élevée,Faible
ID_069,74,60,4.4,10.0,0,Moyenne,Moyen
ID_070,86,80,6.7,13.5,1,Moyenne,Faible
ID_071,97,96,9.6,18.5,3,Élevée,Faible
ID_072,69,47,3.2,7.9,0,Faible,Élevé
ID_073,88,84,7.1,14.4,2,Moyenne,Faible
ID_074,92,90,8.3,16.3,2,Élevée,Faible
ID_075,75,61,4.5,10.1,1,Moyenne,Moyen
ID_076,83,75,6.1,12.4,1,Moyenne,Faible
ID_077,95,94,9.0,17.7,3,Élevée,Faible
ID_078,70,52,3.7,8.6,0,Faible,Élevé
ID_079,87,83,7.0,14.3,2,Moyenne,Faible
ID_080,91,88,8.0,15.8,2,Élevée,Faible
ID_081,77,65,4.9,10.9,1,Moyenne,Moyen
ID_082,84,77,6.4,12.9,1,Moyenne,Faible
ID_083,94,93,8.9,17.4,3,Élevée,Faible
ID_084,71,53,3.6,8.8,0,Faible,Élevé
ID_085,90,87,7.7,15.6,2,Élevée,Faible
ID_086,79,67,5.3,11.3,1,Moyenne,Moyen
ID_087,92,91,8.6,16.8,3,Élevée,Faible
ID_088,73,58,4.1,9.6,0,Faible,Moyen
ID_089,86,81,6.8,13.6,2,Moyenne,Faible
ID_090,96,95,9.2,17.9,3,Élevée,Faible
ID_091,68,46,3.3,8.1,0,Faible,Élevé
ID_092,88,85,7.3,14.8,2,Élevée,Faible
ID_093,82,73,5.9,12.0,1,Moyenne,Faible
ID_094,93,92,8.7,17.1,3,Élevée,Faible
ID_095,76,62,4.6,10.4,1,Moyenne,Moyen
ID_096,85,79,6.6,13.3,1,Moyenne,Faible
ID_097,91,89,8.1,16.1,2,Élevée,Faible
ID_098,69,48,3.4,8.2,0,Faible,Élevé
ID_099,89,86,7.4,15.2,2,Élevée,Faible
ID_100,80,69,5.4,11.5,1,Moyenne,Moyen
ID_101,94,93,8.8,17.3,3,Élevée,Faible
ID_102,72,56,4.0,9.4,0,Faible,Moyen
ID_103,87,82,6.9,13.9,2,Moyenne,Faible
ID_104,95,94,9.1,17.5,3,Élevée,Faible
ID_105,70,50,3.5,8.3,0,Faible,Élevé
ID_106,88,84,7.2,14.5,2,Moyenne,Faible
ID_107,92,90,8.4,16.4,2,Élevée,Faible
ID_108,78,66,5.0,10.7,1,Moyenne,Moyen
ID_109,84,76,6.2,12.6,1,Moyenne,Faible
ID_110,96,96,9.5,18.3,3,Élevée,Faible
ID_111,71,54,3.8,9.1,0,Faible,Élevé
ID_112,90,88,7.8,15.9,2,Élevée,Faible
ID_113,81,72,5.8,11.7,1,Moyenne,Moyen
ID_114,93,91,8.5,16.6,2,Élevée,Faible
ID_115,74,59,4.3,9.8,0,Moyenne,Moyen
ID_116,86,80,6.7,13.4,1,Moyenne,Faible
ID_117,97,96,9.7,18.6,3,Élevée,Faible
ID_118,68,44,3.0,7.4,0,Faible,Élevé
ID_119,89,87,7.6,15.5,2,Élevée,Faible
ID_120,83,74,6.0,12.1,1,Moyenne,Faible
ID_121,91,89,8.2,16.0,2,Élevée,Faible
ID_122,75,61,4.5,10.2,1,Moyenne,Moyen
ID_123,85,78,6.4,13.0,1,Moyenne,Faible
ID_124,94,93,9.0,17.6,3,Élevée,Faible
ID_125,69,47,3.2,7.7,0,Faible,Élevé
ID_126,87,83,7.1,14.2,2,Moyenne,Faible
ID_127,92,91,8.6,16.9,3,Élevée,Faible
ID_128,77,64,4.8,10.5,1,Moyenne,Moyen
ID_129,88,85,7.3,14.7,2,Élevée,Faible
ID_130,72,55,3.9,9.0,0,Faible,Élevé
ID_131,84,77,6.3,12.7,1,Moyenne,Faible
ID_132,95,94,9.2,17.8,3,Élevée,Faible
ID_133,70,51,3.6,8.5,0,Faible,Élevé
ID_134,90,87,7.5,15.3,2,Élevée,Faible
ID_135,79,68,5.2,11.1,1,Moyenne,Moyen
ID_136,93,92,8.7,17.0,3,Élevée,Faible
ID_137,73,57,4.1,9.5,0,Faible,Moyen
ID_138,86,81,6.8,13.8,2,Moyenne,Faible
ID_139,96,95,9.3,18.0,3,Élevée,Faible
ID_140,71,53,3.7,8.7,0,Faible,Élevé
ID_141,89,86,7.4,15.0,2,Élevée,Faible
ID_142,82,73,5.9,11.9,1,Moyenne,Faible
ID_143,91,90,8.3,16.3,2,Élevée,Faible
ID_144,76,63,4.7,10.6,1,Moyenne,Moyen
ID_145,85,79,6.5,13.2,1,Moyenne,Faible
ID_146,94,93,8.9,17.2,3,Élevée,Faible
ID_147,68,45,3.1,7.6,0,Faible,Élevé
ID_148,88,84,7.2,14.6,2,Moyenne,Faible
ID_149,92,90,8.4,16.5,2,Élevée,Faible
ID_150,80,70,5.5,11.4,1,Moyenne,Moyen
ID_151,72,78,4.2,11.8,1,Faible,Moyen
ID_152,89,52,7.1,12.3,2,Moyenne,Moyen
ID_153,65,88,3.5,13.2,0,Élevée,Moyen
ID_154,91,45,8.2,9.5,3,Faible,Moyen
ID_155,77,92,5.0,15.8,1,Élevée,Faible
ID_156,70,71,3.8,10.2,0,Moyenne,Élevé
ID_157,88,55,6.5,11.1,2,Faible,Moyen
ID_158,82,89,6.0,14.9,1,Élevée,Faible
ID_159,75,48,4.5,8.8,0,Faible,Élevé
ID_160,93,76,8.3,13.5,3,Moyenne,Faible
ID_161,68,83,3.2,14.2,0,Élevée,Moyen
ID_162,86,58,6.8,10.5,2,Faible,Moyen
ID_163,79,91,5.3,16.2,1,Élevée,Faible
ID_164,71,62,3.9,9.7,0,Moyenne,Moyen
ID_165,90,47,7.5,8.3,2,Faible,Élevé
ID_166,74,85,4.4,13.8,0,Élevée,Faible
ID_167,84,54,6.2,9.9,1,Faible,Moyen
ID_168,95,73,9.0,12.8,3,Moyenne,Faible
ID_169,69,88,3.5,14.5,0,Élevée,Moyen
ID_170,87,49,6.9,8.6,2,Faible,Élevé
ID_171,76,79,4.8,12.5,1,Moyenne,Faible
ID_172,92,61,8.4,10.8,3,Moyenne,Moyen
ID_173,73,94,4.1,17.2,0,Élevée,Faible
ID_174,85,46,6.4,7.9,1,Faible,Élevé
ID_175,78,82,5.1,13.3,1,Élevée,Faible
ID_176,91,56,8.0,9.8,2,Faible,Moyen
ID_177,70,90,3.6,15.5,0,Élevée,Faible
ID_178,83,51,6.1,8.9,1,Faible,Moyen
ID_179,96,75,9.3,12.9,3,Moyenne,Faible
ID_180,72,87,4.0,14.8,0,Élevée,Moyen
ID_181,88,44,7.2,7.6,2,Faible,Élevé
ID_182,81,77,5.7,12.2,1,Moyenne,Faible
ID_183,94,59,8.8,10.3,3,Moyenne,Moyen
ID_184,67,92,3.0,16.5,0,Élevée,Moyen
ID_185,86,53,6.7,9.2,2,Faible,Moyen
ID_186,79,86,5.2,13.9,1,Élevée,Faible
ID_187,90,48,7.7,8.2,2,Faible,Élevé
ID_188,75,74,4.6,11.9,0,Moyenne,Faible
ID_189,84,63,6.3,10.6,1,Moyenne,Moyen
ID_190,97,95,9.5,18.2,3,Élevée,Faible
ID_191,71,50,3.7,8.4,0,Faible,Élevé
ID_192,89,84,7.4,14.3,2,Moyenne,Faible
ID_193,82,69,5.9,11.2,1,Moyenne,Moyen
ID_194,93,91,8.6,16.7,3,Élevée,Faible
ID_195,76,57,4.7,9.6,0,Faible,Moyen
ID_196,85,80,6.5,13.4,1,Moyenne,Faible
ID_197,78,93,5.0,16.8,1,Élevée,Faible
ID_198,91,46,8.1,7.8,2,Faible,Élevé
ID_199,70,76,3.5,12.1,0,Moyenne,Moyen
ID_200,88,60,7.3,10.4,2,Moyenne,Moyen
ID_201,74,88,4.3,14.6,0,Élevée,Faible
ID_202,83,52,6.0,9.0,1,Faible,Moyen
ID_203,96,72,9.2,12.3,3,Moyenne,Faible
ID_204,69,85,3.3,13.7,0,Élevée,Moyen
ID_205,87,47,6.8,8.0,2,Faible,Élevé
ID_206,80,78,5.4,12.6,1,Moyenne,Faible
ID_207,92,64,8.3,11.0,3,Moyenne,Moyen
ID_208,73,90,4.2,15.3,0,Élevée,Faible
ID_209,86,55,6.7,9.5,2,Faible,Moyen
ID_210,79,83,5.3,13.5,1,Élevée,Faible
ID_211,90,49,7.5,8.5,2,Faible,Élevé
ID_212,75,75,4.5,12.0,0,Moyenne,Faible
ID_213,84,66,6.2,10.9,1,Moyenne,Moyen
ID_214,95,94,9.1,17.6,3,Élevée,Faible
ID_215,72,51,3.9,8.6,0,Faible,Élevé
ID_216,89,87,7.6,14.9,2,Élevée,Faible
ID_217,82,71,5.8,11.5,1,Moyenne,Moyen
ID_218,91,89,8.2,16.1,2,Élevée,Faible
ID_219,76,58,4.6,9.8,0,Faible,Moyen
ID_220,85,81,6.6,13.6,1,Moyenne,Faible
ID_221,78,92,5.1,16.4,1,Élevée,Faible
ID_222,90,45,7.8,7.7,2,Faible,Élevé
ID_223,71,77,3.6,12.2,0,Moyenne,Moyen
ID_224,87,61,7.0,10.5,2,Moyenne,Moyen
ID_225,94,93,8.9,17.2,3,Élevée,Faible
ID_226,68,48,3.2,8.2,0,Faible,Élevé
ID_227,84,82,6.3,13.8,1,Moyenne,Faible
ID_228,77,68,4.9,11.1,1,Moyenne,Moyen
ID_229,93,91,8.7,16.8,3,Élevée,Faible
ID_230,72,54,4.0,9.2,0,Faible,Moyen
ID_231,88,86,7.2,14.7,2,Élevée,Faible
ID_232,81,70,5.7,11.3,1,Moyenne,Moyen
ID_233,95,95,9.3,17.9,3,Élevée,Faible
ID_234,69,46,3.3,7.9,0,Faible,Élevé
ID_235,86,79,6.8,13.2,2,Moyenne,Faible
ID_236,79,65,5.2,10.7,1,Moyenne,Moyen
ID_237,91,88,8.1,15.8,2,Élevée,Faible
ID_238,74,59,4.4,9.9,0,Moyenne,Moyen
ID_239,83,76,6.1,12.5,1,Moyenne,Faible
ID_240,96,96,9.4,18.1,3,Élevée,Faible
ID_241,70,50,3.5,8.3,0,Faible,Élevé
ID_242,87,83,7.0,14.1,2,Moyenne,Faible
ID_243,80,67,5.5,10.9,1,Moyenne,Moyen
ID_244,92,90,8.4,16.3,2,Élevée,Faible
ID_245,73,56,4.1,9.4,0,Faible,Moyen
ID_246,89,85,7.5,14.8,2,Élevée,Faible
ID_247,68,45,3.5,8.5,0,Faible,Élevé
ID_248,85,78,6.5,13.0,1,Moyenne,Faible
ID_249,94,92,8.8,17.0,3,Élevée,Faible
ID_250,77,62,4.8,10.3,1,Moyenne,Moyen
ID_251,91,89,8.2,16.2,2,Élevée,Faible
ID_252,71,53,3.8,8.8,0,Faible,Élevé
ID_253,88,84,7.3,14.5,2,Moyenne,Faible
ID_254,82,73,5.9,11.8,1,Moyenne,Moyen
ID_255,95,94,9.1,17.7,3,Élevée,Faible
ID_256,69,49,3.4,8.1,0,Faible,Élevé
ID_257,86,81,6.7,13.5,2,Moyenne,Faible
ID_258,79,66,5.3,10.8,1,Moyenne,Moyen
ID_259,93,91,8.6,16.6,3,Élevée,Faible
ID_260,75,60,4.5,10.0,0,Moyenne,Moyen
ID_261,84,77,6.3,12.7,1,Moyenne,Faible
ID_262,97,95,9.5,18.3,3,Élevée,Faible
ID_263,72,54,3.9,9.1,0,Faible,Moyen
ID_264,90,87,7.7,15.5,2,Élevée,Faible
ID_265,81,71,5.8,11.6,1,Moyenne,Moyen
ID_266,92,90,8.3,16.4,2,Élevée,Faible
ID_267,76,63,4.7,10.4,1,Moyenne,Moyen
ID_268,85,79,6.4,13.1,1,Moyenne,Faible
ID_269,70,75,3.6,11.9,0,Moyenne,Moyen
ID_270,89,48,7.4,8.3,2,Faible,Élevé
ID_271,83,86,6.2,14.0,1,Élevée,Faible
ID_272,96,58,9.3,10.1,3,Faible,Moyen
ID_273,71,91,3.7,16.0,0,Élevée,Faible
ID_274,87,44,6.9,7.5,2,Faible,Élevé
ID_275,78,80,5.0,12.9,1,Moyenne,Faible
ID_276,91,62,8.0,10.6,2,Moyenne,Moyen
ID_277,74,93,4.3,16.9,0,Élevée,Faible
ID_278,86,51,6.6,8.8,1,Faible,Moyen
ID_279,80,85,5.5,13.7,1,Élevée,Faible
ID_280,94,47,8.7,8.0,3,Faible,Élevé
ID_281,69,78,3.3,12.4,0,Moyenne,Moyen
ID_282,84,64,6.1,10.8,1,Moyenne,Moyen
ID_283,77,89,4.9,14.9,1,Élevée,Faible
ID_284,93,55,8.5,9.4,3,Faible,Moyen
ID_285,72,82,4.0,13.2,0,Élevée,Faible
ID_286,88,46,7.1,7.8,2,Faible,Élevé
ID_287,81,74,5.7,11.8,1,Moyenne,Faible
ID_288,95,59,9.0,10.2,3,Moyenne,Moyen
ID_289,70,90,3.5,15.6,0,Élevée,Faible
ID_290,87,52,6.8,9.0,2,Faible,Moyen
ID_291,79,84,5.2,13.6,1,Élevée,Faible
ID_292,91,48,7.9,8.2,2,Faible,Élevé
ID_293,75,76,4.6,12.1,0,Moyenne,Faible
ID_294,83,67,6.0,10.9,1,Moyenne,Moyen
ID_295,96,95,9.4,18.0,3,Élevée,Faible
ID_296,68,50,3.2,8.4,0,Faible,Élevé
ID_297,85,81,6.5,13.3,1,Moyenne,Faible
ID_298,78,69,5.1,11.2,1,Moyenne,Moyen
ID_299,92,92,8.4,16.5,2,Élevée,Faible
ID_300,73,57,4.2,9.6,0,Faible,Moyen
ID_301,89,85,7.3,14.6,2,Élevée,Faible
ID_302,82,72,5.9,11.7,1,Moyenne,Moyen
ID_303,94,93,8.9,17.3,3,Élevée,Faible
ID_304,71,53,3.7,8.7,0,Faible,Élevé
ID_305,86,80,6.7,13.4,2,Moyenne,Faible
ID_306,80,66,5.4,10.8,1,Moyenne,Moyen
ID_307,91,88,8.1,15.7,2,Élevée,Faible
ID_308,76,61,4.6,10.2,0,Moyenne,Moyen
ID_309,84,77,6.2,12.6,1,Moyenne,Faible
ID_310,97,96,9.6,18.4,3,Élevée,Faible
ID_311,70,49,3.4,8.1,0,Faible,Élevé
ID_312,88,83,7.2,14.2,2,Moyenne,Faible
ID_313,81,70,5.6,11.3,1,Moyenne,Moyen
ID_314,93,91,8.5,16.7,2,Élevée,Faible
ID_315,75,58,4.4,9.8,0,Moyenne,Moyen
ID_316,85,79,6.4,13.0,1,Moyenne,Faible
ID_317,78,65,5.0,10.6,1,Moyenne,Moyen
ID_318,90,87,7.8,15.3,2,Élevée,Faible
ID_319,72,54,3.9,9.0,0,Faible,Moyen
ID_320,87,82,6.9,13.9,2,Moyenne,Faible
ID_321,79,68,5.3,11.0,1,Moyenne,Moyen
ID_322,95,94,9.2,17.8,3,Élevée,Faible
ID_323,69,47,3.3,7.8,0,Faible,Élevé
ID_324,84,76,6.1,12.5,1,Moyenne,Faible
ID_325,91,89,8.2,16.0,2,Élevée,Faible
ID_326,74,60,4.5,10.1,0,Moyenne,Moyen
ID_327,86,81,6.8,13.7,2,Moyenne,Faible
ID_328,71,85,3.8,14.3,0,Élevée,Faible
ID_329,93,53,8.6,9.2,3,Faible,Moyen
ID_330,77,78,4.9,12.3,1,Moyenne,Faible
ID_331,89,45,7.5,7.7,2,Faible,Élevé
ID_332,82,92,5.8,16.1,1,Élevée,Faible
ID_333,96,56,9.3,9.7,3,Faible,Moyen
ID_334,70,88,3.5,14.8,0,Élevée,Faible
ID_335,85,49,6.6,8.4,1,Faible,Moyen
ID_336,78,83,5.1,13.5,1,Élevée,Faible
ID_337,92,61,8.3,10.5,2,Moyenne,Moyen
ID_338,73,91,4.1,15.9,0,Élevée,Faible
ID_339,87,46,6.9,7.9,2,Faible,Élevé
ID_340,80,75,5.5,12.0,1,Moyenne,Faible
ID_341,94,59,8.8,10.3,3,Moyenne,Moyen
ID_342,68,86,3.2,14.5,0,Élevée,Moyen
ID_343,83,52,6.0,8.9,1,Faible,Moyen
ID_344,76,80,4.7,12.8,0,Moyenne,Faible
ID_345,91,64,8.0,11.0,2,Moyenne,Moyen
ID_346,72,94,3.9,16.8,0,Élevée,Faible
ID_347,88,47,7.3,8.1,2,Faible,Élevé
ID_348,81,77,5.7,12.2,1,Moyenne,Faible
ID_349,95,62,9.1,10.7,3,Moyenne,Moyen
ID_350,69,89,3.4,15.1,0,Élevée,Faible
ID_351,86,54,6.7,9.3,2,Faible,Moyen
ID_352,79,85,5.2,13.8,1,Élevée,Faible
ID_353,90,48,7.6,8.3,2,Faible,Élevé
ID_354,74,73,4.4,11.6,0,Moyenne,Faible
ID_355,84,66,6.3,10.9,1,Moyenne,Moyen
ID_356,97,95,9.5,18.2,3,Élevée,Faible
ID_357,71,51,3.6,8.5,0,Faible,Élevé
ID_358,89,84,7.4,14.4,2,Moyenne,Faible
ID_359,82,70,5.9,11.4,1,Moyenne,Moyen
ID_360,93,92,8.6,16.9,3,Élevée,Faible
ID_361,76,58,4.6,9.7,0,Faible,Moyen
ID_362,85,80,6.5,13.2,1,Moyenne,Faible
ID_363,78,67,5.0,10.9,1,Moyenne,Moyen
ID_364,91,88,8.1,15.8,2,Élevée,Faible
ID_365,72,55,3.9,9.2,0,Faible,Moyen
ID_366,87,83,7.0,14.0,2,Moyenne,Faible
ID_367,80,69,5.4,11.1,1,Moyenne,Moyen
ID_368,94,93,8.9,17.4,3,Élevée,Faible
ID_369,68,46,3.2,7.9,0,Faible,Élevé
ID_370,84,77,6.2,12.7,1,Moyenne,Faible
ID_371,77,63,4.8,10.3,1,Moyenne,Moyen
ID_372,92,90,8.4,16.3,2,Élevée,Faible
ID_373,75,59,4.5,9.9,0,Moyenne,Moyen
ID_374,86,81,6.7,13.6,2,Moyenne,Faible
ID_375,71,75,3.7,11.9,0,Moyenne,Moyen
ID_376,88,48,7.2,8.3,2,Faible,Élevé
ID_377,83,86,6.1,14.1,1,Élevée,Faible
ID_378,95,57,9.2,9.8,3,Faible,Moyen
ID_379,70,91,3.5,16.0,0,Élevée,Faible
ID_380,85,44,6.6,7.6,1,Faible,Élevé
ID_381,79,79,5.3,12.5,1,Moyenne,Faible
ID_382,91,62,8.0,10.6,2,Moyenne,Moyen
ID_383,74,92,4.3,16.5,0,Élevée,Faible
ID_384,87,52,6.8,9.0,2,Faible,Moyen
ID_385,81,84,5.6,13.6,1,Élevée,Faible
ID_386,93,47,8.7,8.0,3,Faible,Élevé
ID_387,69,78,3.3,12.3,0,Moyenne,Moyen
ID_388,83,65,6.0,10.7,1,Moyenne,Moyen
ID_389,76,89,4.7,14.8,0,Élevée,Faible
ID_390,90,55,7.7,9.5,2,Faible,Moyen
ID_391,72,82,4.0,13.3,0,Élevée,Faible
ID_392,88,46,7.1,7.8,2,Faible,Élevé
ID_393,82,74,5.8,11.8,1,Moyenne,Faible
ID_394,95,60,9.0,10.4,3,Moyenne,Moyen
ID_395,70,90,3.6,15.5,0,Élevée,Faible
ID_396,86,53,6.7,9.1,2,Faible,Moyen
ID_397,79,85,5.2,13.7,1,Élevée,Faible
ID_398,92,49,8.3,8.4,2,Faible,Élevé
ID_399,75,76,4.5,12.0,0,Moyenne,Faible
ID_400,84,67,6.2,10.9,1,Moyenne,Moyen
ID_401,96,96,9.4,18.1,3,Élevée,Faible
ID_402,71,50,3.7,8.3,0,Faible,Élevé
ID_403,89,83,7.5,14.2,2,Moyenne,Faible
ID_404,82,71,5.9,11.5,1,Moyenne,Moyen
ID_405,93,91,8.6,16.6,3,Élevée,Faible
ID_406,77,58,4.8,9.8,0,Faible,Moyen
ID_407,85,80,6.4,13.3,1,Moyenne,Faible
ID_408,78,66,5.0,10.8,1,Moyenne,Moyen
ID_409,91,88,8.2,15.9,2,Élevée,Faible
ID_410,73,54,4.1,9.1,0,Faible,Moyen
ID_411,87,82,6.9,13.9,2,Moyenne,Faible
ID_412,80,68,5.5,11.0,1,Moyenne,Moyen
ID_413,94,94,8.9,17.5,3,Élevée,Faible
ID_414,69,47,3.3,7.8,0,Faible,Élevé
ID_415,84,76,6.1,12.5,1,Moyenne,Faible
ID_416,91,89,8.1,16.1,2,Élevée,Faible
ID_417,76,61,4.6,10.2,0,Moyenne,Moyen
ID_418,86,81,6.8,13.5,2,Moyenne,Faible
ID_419,72,87,3.9,14.7,0,Élevée,Faible
ID_420,90,45,7.6,7.7,2,Faible,Élevé
ID_421,83,73,6.0,11.6,1,Moyenne,Faible
ID_422,95,56,9.3,9.7,3,Faible,Moyen
ID_423,70,88,3.5,14.9,0,Élevée,Faible
ID_424,85,50,6.5,8.5,1,Faible,Moyen
ID_425,79,84,5.3,13.6,1,Élevée,Faible
ID_426,91,62,8.0,10.7,2,Moyenne,Moyen
ID_427,74,91,4.4,16.2,0,Élevée,Faible
ID_428,87,47,6.9,8.0,2,Faible,Élevé
ID_429,81,78,5.7,12.4,1,Moyenne,Faible
ID_430,93,59,8.5,10.2,3,Moyenne,Moyen
ID_431,69,86,3.4,14.5,0,Élevée,Moyen
ID_432,84,52,6.2,8.9,1,Faible,Moyen
ID_433,77,80,4.9,12.8,1,Moyenne,Faible
ID_434,92,64,8.3,10.9,2,Moyenne,Moyen
ID_435,72,93,4.0,16.7,0,Élevée,Faible
ID_436,88,48,7.2,8.2,2,Faible,Élevé
ID_437,82,75,5.8,11.9,1,Moyenne,Faible
ID_438,95,61,9.1,10.5,3,Moyenne,Moyen
ID_439,70,89,3.6,15.2,0,Élevée,Faible
ID_440,86,54,6.6,9.3,2,Faible,Moyen
ID_441,79,85,5.2,13.8,1,Élevée,Faible
ID_442,90,49,7.7,8.4,2,Faible,Élevé
ID_443,75,77,4.5,12.2,0,Moyenne,Faible
ID_444,83,67,6.1,10.9,1,Moyenne,Moyen
ID_445,96,95,9.5,18.3,3,Élevée,Faible
ID_446,71,51,3.8,8.5,0,Faible,Élevé
ID_447,89,84,7.4,14.3,2,Moyenne,Faible
ID_448,82,70,5.9,11.3,1,Moyenne,Moyen
ID_449,93,92,8.7,16.8,3,Élevée,Faible
ID_450,76,57,4.7,9.6,0,Faible,Moyen
ID_451,85,79,6.5,13.1,1,Moyenne,Faible
ID_452,78,65,5.1,10.7,1,Moyenne,Moyen
ID_453,91,88,8.0,15.7,2,Élevée,Faible
ID_454,73,55,4.2,9.2,0,Faible,Moyen
ID_455,87,83,7.0,14.1,2,Moyenne,Faible
ID_456,80,69,5.4,11.2,1,Moyenne,Moyen
ID_457,94,93,8.8,17.3,3,Élevée,Faible
ID_458,68,46,3.2,7.9,0,Faible,Élevé
ID_459,84,77,6.3,12.6,1,Moyenne,Faible
ID_460,77,63,4.8,10.4,1,Moyenne,Moyen
ID_461,92,90,8.4,16.4,2,Élevée,Faible
ID_462,75,59,4.6,9.9,0,Moyenne,Moyen
ID_463,86,81,6.7,13.7,2,Moyenne,Faible
ID_464,71,74,3.7,11.7,0,Moyenne,Moyen
ID_465,88,48,7.3,8.3,2,Faible,Élevé
ID_466,83,86,6.2,14.2,1,Élevée,Faible
ID_467,95,58,9.2,10.0,3,Faible,Moyen
ID_468,70,91,3.5,15.9,0,Élevée,Faible
ID_469,85,44,6.6,7.6,1,Faible,Élevé
ID_470,79,79,5.3,12.5,1,Moyenne,Faible
ID_471,91,62,8.1,10.6,2,Moyenne,Moyen
ID_472,74,92,4.3,16.6,0,Élevée,Faible
ID_473,87,52,6.8,9.0,2,Faible,Moyen
ID_474,81,84,5.6,13.6,1,Élevée,Faible
ID_475,93,47,8.6,8.0,3,Faible,Élevé
ID_476,69,78,3.3,12.3,0,Moyenne,Moyen
ID_477,83,65,6.0,10.8,1,Moyenne,Moyen
ID_478,76,89,4.7,14.9,0,Élevée,Faible
ID_479,90,55,7.8,9.5,2,Faible,Moyen
ID_480,72,82,4.0,13.2,0,Élevée,Faible
ID_481,88,46,7.1,7.8,2,Faible,Élevé
ID_482,82,74,5.8,11.8,1,Moyenne,Faible
ID_483,95,60,9.0,10.3,3,Moyenne,Moyen
ID_484,70,90,3.6,15.6,0,Élevée,Faible
ID_485,86,53,6.7,9.1,2,Faible,Moyen
ID_486,79,85,5.2,13.7,1,Élevée,Faible
ID_487,92,49,8.3,8.4,2,Faible,Élevé
ID_488,75,76,4.5,12.0,0,Moyenne,Faible
ID_489,84,67,6.2,10.9,1,Moyenne,Moyen
ID_490,97,96,9.6,18.4,3,Élevée,Faible
ID_491,71,50,3.7,8.3,0,Faible,Élevé
ID_492,89,83,7.5,14.2,2,Moyenne,Faible
ID_493,82,71,5.9,11.5,1,Moyenne,Moyen
ID_494,93,91,8.6,16.7,3,Élevée,Faible
ID_495,77,58,4.8,9.8,0,Faible,Moyen
ID_496,85,80,6.4,13.3,1,Moyenne,Faible
ID_497,78,66,5.0,10.8,1,Moyenne,Moyen
ID_498,91,88,8.2,15.9,2,Élevée,Faible
ID_499,73,54,4.1,9.1,0,Faible,Moyen
ID_500,87,82,6.9,13.9,2,Moyenne,Faible
ID_501,80,68,5.5,11.0,1,Moyenne,Moyen
ID_502,94,94,8.9,17.5,3,Élevée,Faible
ID_503,69,47,3.3,7.8,0,Faible,Élevé
ID_504,84,76,6.1,12.5,1,Moyenne,Faible
ID_505,91,89,8.1,16.1,2,Élevée,Faible
ID_506,76,61,4.6,10.2,0,Moyenne,Moyen
ID_507,86,81,6.8,13.5,2,Moyenne,Faible
ID_508,72,87,3.9,14.7,0,Élevée,Moyen
ID_509,90,45,7.6,7.7,2,Faible,Élevé
ID_510,83,73,6.0,11.6,1,Moyenne,Faible
ID_511,95,56,9.3,9.7,3,Faible,Moyen
ID_512,70,88,3.5,14.9,0,Élevée,Faible
ID_513,85,50,6.5,8.5,1,Faible,Moyen
ID_514,79,84,5.3,13.6,1,Élevée,Faible
ID_515,91,62,8.0,10.7,2,Moyenne,Moyen
ID_516,74,91,4.4,16.2,0,Élevée,Faible
ID_517,87,47,6.9,8.0,2,Faible,Élevé
ID_518,81,78,5.7,12.4,1,Moyenne,Faible
ID_519,93,59,8.5,10.2,3,Moyenne,Moyen
ID_520,69,86,3.4,14.5,0,Élevée,Moyen
ID_521,84,52,6.2,8.9,1,Faible,Moyen
ID_522,77,80,4.9,12.8,1,Moyenne,Faible
ID_523,92,64,8.3,10.9,2,Moyenne,Moyen
ID_524,72,93,4.0,16.7,0,Élevée,Faible
ID_525,88,48,7.2,8.2,2,Faible,Élevé
ID_526,82,75,5.8,11.9,1,Moyenne,Faible
ID_527,95,61,9.1,10.5,3,Moyenne,Moyen
ID_528,70,89,3.6,15.2,0,Élevée,Faible
ID_529,86,54,6.6,9.3,2,Faible,Moyen
ID_530,79,85,5.2,13.8,1,Élevée,Faible
ID_531,90,49,7.7,8.4,2,Faible,Élevé
ID_532,75,77,4.5,12.2,0,Moyenne,Faible
ID_533,83,67,6.1,10.9,1,Moyenne,Moyen
ID_534,96,95,9.5,18.3,3,Élevée,Faible
ID_535,71,51,3.8,8.5,0,Faible,Élevé
ID_536,89,84,7.4,14.3,2,Moyenne,Faible
ID_537,82,70,5.9,11.3,1,Moyenne,Moyen
ID_538,93,92,8.7,16.8,3,Élevée,Faible
ID_539,76,57,4.7,9.6,0,Faible,Moyen
ID_540,85,79,6.5,13.1,1,Moyenne,Faible
ID_541,78,65,5.1,10.7,1,Moyenne,Moyen
ID_542,91,88,8.0,15.7,2,Élevée,Faible
ID_543,73,55,4.2,9.2,0,Faible,Moyen
ID_544,87,83,7.0,14.1,2,Moyenne,Faible
ID_545,80,69,5.4,11.2,1,Moyenne,Moyen
ID_546,94,93,8.8,17.3,3,Élevée,Faible
ID_547,68,46,3.2,7.9,0,Faible,Élevé
ID_548,84,77,6.3,12.6,1,Moyenne,Faible
ID_549,77,63,4.8,10.4,1,Moyenne,Moyen
ID_550,92,90,8.4,16.4,2,Élevée,Faible
ID_551,75,59,4.6,9.9,0,Moyenne,Moyen
ID_552,86,81,6.7,13.7,2,Moyenne,Faible
ID_553,71,74,3.7,11.7,0,Moyenne,Moyen
ID_554,88,48,7.3,8.3,2,Faible,Élevé
ID_555,83,86,6.2,14.2,1,Élevée,Faible
ID_556,95,58,9.2,10.0,3,Faible,Moyen
ID_557,70,91,3.5,15.9,0,Élevée,Faible
ID_558,85,44,6.6,7.6,1,Faible,Élevé
ID_559,79,79,5.3,12.5,1,Moyenne,Faible
ID_560,91,62,8.1,10.6,2,Moyenne,Moyen
ID_561,74,92,4.3,16.6,0,Élevée,Faible
ID_562,87,52,6.8,9.0,2,Faible,Moyen
ID_563,81,84,5.6,13.6,1,Élevée,Faible
ID_564,93,47,8.6,8.0,3,Faible,Élevé
ID_565,69,78,3.3,12.3,0,Moyenne,Moyen
ID_566,83,65,6.0,10.8,1,Moyenne,Moyen
ID_567,76,89,4.7,14.9,0,Élevée,Faible
ID_568,90,55,7.8,9.5,2,Faible,Moyen
ID_569,72,82,4.0,13.2,0,Élevée,Faible
ID_570,88,46,7.1,7.8,2,Faible,Élevé
ID_571,82,74,5.8,11.8,1,Moyenne,Faible
ID_572,95,60,9.0,10.3,3,Moyenne,Moyen
ID_573,70,90,3.6,15.6,0,Élevée,Faible
ID_574,86,53,6.7,9.1,2,Faible,Moyen
ID_575,79,85,5.2,13.7,1,Élevée,Faible
ID_576,92,49,8.3,8.4,2,Faible,Élevé
ID_577,75,76,4.5,12.0,0,Moyenne,Faible
ID_578,84,67,6.2,10.9,1,Moyenne,Moyen
ID_579,97,96,9.6,18.4,3,Élevée,Faible
ID_580,71,50,3.7,8.3,0,Faible,Élevé
ID_581,89,83,7.5,14.2,2,Moyenne,Faible
ID_582,82,71,5.9,11.5,1,Moyenne,Moyen
ID_583,93,91,8.6,16.7,3,Élevée,Faible
ID_584,77,58,4.8,9.8,0,Faible,Moyen
ID_585,85,80,6.4,13.3,1,Moyenne,Faible
ID_586,78,66,5.0,10.8,1,Moyenne,Moyen
ID_587,91,88,8.2,15.9,2,Élevée,Faible
ID_588,73,54,4.1,9.1,0,Faible,Moyen
ID_589,87,82,6.9,13.9,2,Moyenne,Faible
ID_590,80,68,5.5,11.0,1,Moyenne,Moyen
ID_591,94,94,8.9,17.5,3,Élevée,Faible
ID_592,69,47,3.3,7.8,0,Faible,Élevé
ID_593,84,76,6.1,12.5,1,Moyenne,Faible
ID_594,91,89,8.1,16.1,2,Élevée,Faible
ID_595,76,61,4.6,10.2,0,Moyenne,Moyen
ID_596,86,81,6.8,13.5,2,Moyenne,Faible
ID_597,72,87,3.9,14.7,0,Élevée,Moyen
ID_598,90,45,7.6,7.7,2,Faible,Élevé
ID_599,83,73,6.0,11.6,1,Moyenne,Faible
ID_600,95,56,9.3,9.7,3,Faible,Moyen
ID_601,70,88,3.5,14.9,0,Élevée,Faible
ID_602,85,50,6.5,8.5,1,Faible,Moyen
ID_603,79,84,5.3,13.6,1,Élevée,Faible
ID_604,91,62,8.0,10.7,2,Moyenne,Moyen
ID_605,74,91,4.4,16.2,0,Élevée,Faible
ID_606,87,47,6.9,8.0,2,Faible,Élevé
ID_607,81,78,5.7,12.4,1,Moyenne,Faible
ID_608,93,59,8.5,10.2,3,Moyenne,Moyen
ID_609,69,86,3.4,14.5,0,Élevée,Moyen
ID_610,84,52,6.2,8.9,1,Faible,Moyen
ID_611,77,80,4.9,12.8,1,Moyenne,Faible
ID_612,92,64,8.3,10.9,2,Moyenne,Moyen
ID_613,72,93,4.0,16.7,0,Élevée,Faible
ID_614,88,48,7.2,8.2,2,Faible,Élevé
ID_615,82,75,5.8,11.9,1,Moyenne,Faible
ID_616,95,61,9.1,10.5,3,Moyenne,Moyen
ID_617,70,89,3.6,15.2,0,Élevée,Faible
ID_618,86,54,6.6,9.3,2,Faible,Moyen
ID_619,79,85,5.2,13.8,1,Élevée,Faible
ID_620,90,49,7.7,8.4,2,Faible,Élevé
ID_621,75,77,4.5,12.2,0,Moyenne,Faible
ID_622,83,67,6.1,10.9,1,Moyenne,Moyen
ID_623,96,95,9.5,18.3,3,Élevée,Faible
ID_624,71,51,3.8,8.5,0,Faible,Élevé
ID_625,89,84,7.4,14.3,2,Moyenne,Faible
ID_626,82,70,5.9,11.3,1,Moyenne,Moyen
ID_627,93,92,8.7,16.8,3,Élevée,Faible
ID_628,76,57,4.7,9.6,0,Faible,Moyen
ID_629,85,79,6.5,13.1,1,Moyenne,Faible
ID_630,78,65,5.1,10.7,1,Moyenne,Moyen
ID_631,91,88,8.0,15.7,2,Élevée,Faible
ID_632,73,55,4.2,9.2,0,Faible,Moyen
ID_633,87,83,7.0,14.1,2,Moyenne,Faible
ID_634,80,69,5.4,11.2,1,Moyenne,Moyen
ID_635,94,93,8.8,17.3,3,Élevée,Faible
ID_636,68,46,3.2,7.9,0,Faible,Élevé
ID_637,84,77,6.3,12.6,1,Moyenne,Faible
ID_638,77,63,4.8,10.4,1,Moyenne,Moyen
ID_639,92,90,8.4,16.4,2,Élevée,Faible
ID_640,75,59,4.6,9.9,0,Moyenne,Moyen
ID_641,86,81,6.7,13.7,2,Moyenne,Faible
ID_642,71,74,3.7,11.7,0,Moyenne,Moyen
ID_643,88,48,7.3,8.3,2,Faible,Élevé
ID_644,83,86,6.2,14.2,1,Élevée,Faible
ID_645,95,58,9.2,10.0,3,Faible,Moyen
ID_646,70,91,3.5,15.9,0,Élevée,Faible
ID_647,85,44,6.6,7.6,1,Faible,Élevé
ID_648,79,79,5.3,12.5,1,Moyenne,Faible
ID_649,91,62,8.1,10.6,2,Moyenne,Moyen
ID_650,74,92,4.3,16.6,0,Élevée,Faible
ID_651,87,52,6.8,9.0,2,Faible,Moyen
ID_652,81,84,5.6,13.6,1,Élevée,Faible
ID_653,93,47,8.6,8.0,3,Faible,Élevé
ID_654,69,78,3.3,12.3,0,Moyenne,Moyen
ID_655,83,65,6.0,10.8,1,Moyenne,Moyen
ID_656,76,89,4.7,14.9,0,Élevée,Faible
ID_657,90,55,7.8,9.5,2,Faible,Moyen
ID_658,72,82,4.0,13.2,0,Élevée,Faible
ID_659,88,46,7.1,7.8,2,Faible,Élevé
ID_660,82,74,5.8,11.8,1,Moyenne,Faible
ID_661,95,60,9.0,10.3,3,Moyenne,Moyen
ID_662,70,90,3.6,15.6,0,Élevée,Faible
ID_663,86,53,6.7,9.1,2,Faible,Moyen
ID_664,79,85,5.2,13.7,1,Élevée,Faible
ID_665,92,49,8.3,8.4,2,Faible,Élevé
ID_666,75,76,4.5,12.0,0,Moyenne,Faible
ID_667,84,67,6.2,10.9,1,Moyenne,Moyen
ID_668,97,96,9.6,18.4,3,Élevée,Faible
ID_669,71,50,3.7,8.3,0,Faible,Élevé
ID_670,89,83,7.5,14.2,2,Moyenne,Faible
ID_671,82,71,5.9,11.5,1,Moyenne,Moyen
ID_672,93,91,8.6,16.7,3,Élevée,Faible
ID_673,77,58,4.8,9.8,0,Faible,Moyen
ID_674,85,80,6.4,13.3,1,Moyenne,Faible
ID_675,78,66,5.0,10.8,1,Moyenne,Moyen
ID_676,91,88,8.2,15.9,2,Élevée,Faible
ID_677,73,54,4.1,9.1,0,Faible,Moyen
ID_678,87,82,6.9,13.9,2,Moyenne,Faible
ID_679,80,68,5.5,11.0,1,Moyenne,Moyen
ID_680,94,94,8.9,17.5,3,Élevée,Faible
ID_681,69,47,3.3,7.8,0,Faible,Élevé
ID_682,84,76,6.1,12.5,1,Moyenne,Faible
ID_683,91,89,8.1,16.1,2,Élevée,Faible
ID_684,76,61,4.6,10.2,0,Moyenne,Moyen
ID_685,86,81,6.8,13.5,2,Moyenne,Faible
ID_686,72,87,3.9,14.7,0,Élevée,Moyen
ID_687,90,45,7.6,7.7,2,Faible,Élevé
ID_688,83,73,6.0,11.6,1,Moyenne,Faible
ID_689,95,56,9.3,9.7,3,Faible,Moyen
ID_690,70,88,3.5,14.9,0,Élevée,Faible
ID_691,85,50,6.5,8.5,1,Faible,Moyen
ID_692,79,84,5.3,13.6,1,Élevée,Faible
ID_693,91,62,8.0,10.7,2,Moyenne,Moyen
ID_694,74,91,4.4,16.2,0,Élevée,Faible
ID_695,87,47,6.9,8.0,2,Faible,Élevé
ID_696,81,78,5.7,12.4,1,Moyenne,Faible
ID_697,93,59,8.5,10.2,3,Moyenne,Moyen
ID_698,69,86,3.4,14.5,0,Élevée,Moyen
ID_699,84,52,6.2,8.9,1,Faible,Moyen
ID_700,77,80,4.9,12.8,1,Moyenne,Faible
ID_701,92,64,8.3,10.9,2,Moyenne,Moyen
ID_702,72,93,4.0,16.7,0,Élevée,Faible
ID_703,88,48,7.2,8.2,2,Faible,Élevé
ID_704,82,75,5.8,11.9,1,Moyenne,Faible
ID_705,95,61,9.1,10.5,3,Moyenne,Moyen
ID_706,70,89,3.6,15.2,0,Élevée,Faible
ID_707,86,54,6.6,9.3,2,Faible,Moyen
ID_708,79,85,5.2,13.8,1,Élevée,Faible
ID_709,90,49,7.7,8.4,2,Faible,Élevé
ID_710,75,77,4.5,12.2,0,Moyenne,Faible
ID_711,83,67,6.1,10.9,1,Moyenne,Moyen
ID_712,96,95,9.5,18.3,3,Élevée,Faible
ID_713,71,51,3.8,8.5,0,Faible,Élevé
ID_714,89,84,7.4,14.3,2,Moyenne,Faible
ID_715,82,70,5.9,11.3,1,Moyenne,Moyen
ID_716,93,92,8.7,16.8,3,Élevée,Faible
ID_717,76,57,4.7,9.6,0,Faible,Moyen
ID_718,85,79,6.5,13.1,1,Moyenne,Faible
ID_719,78,65,5.1,10.7,1,Moyenne,Moyen
ID_720,91,88,8.0,15.7,2,Élevée,Faible
ID_721,73,55,4.2,9.2,0,Faible,Moyen
ID_722,87,83,7.0,14.1,2,Moyenne,Faible
ID_723,80,69,5.4,11.2,1,Moyenne,Moyen
ID_724,94,93,8.8,17.3,3,Élevée,Faible
ID_725,68,46,3.2,7.9,0,Faible,Élevé
ID_726,84,77,6.3,12.6,1,Moyenne,Faible
ID_727,77,63,4.8,10.4,1,Moyenne,Moyen
ID_728,92,90,8.4,16.4,2,Élevée,Faible
ID_729,75,59,4.6,9.9,0,Moyenne,Moyen
ID_730,86,81,6.7,13.7,2,Moyenne,Faible
ID_731,71,74,3.7,11.7,0,Moyenne,Moyen
ID_732,88,48,7.3,8.3,2,Faible,Élevé
ID_733,83,86,6.2,14.2,1,Élevée,Faible
ID_734,95,58,9.2,10.0,3,Faible,Moyen
ID_735,70,91,3.5,15.9,0,Élevée,Faible
ID_736,85,44,6.6,7.6,1,Faible,Élevé
ID_737,79,79,5.3,12.5,1,Moyenne,Faible
ID_738,91,62,8.1,10.6,2,Moyenne,Moyen
ID_739,74,92,4.3,16.6,0,Élevée,Faible
ID_740,87,52,6.8,9.0,2,Faible,Moyen
ID_741,81,84,5.6,13.6,1,Élevée,Faible
ID_742,93,47,8.6,8.0,3,Faible,Élevé
ID_743,69,78,3.3,12.3,0,Moyenne,Moyen
ID_744,83,65,6.0,10.8,1,Moyenne,Moyen
ID_745,76,89,4.7,14.9,0,Élevée,Faible
ID_746,90,55,7.8,9.5,2,Faible,Moyen
ID_747,72,82,4.0,13.2,0,Élevée,Faible
ID_748,88,46,7.1,7.8,2,Faible,Élevé
ID_749,82,74,5.8,11.8,1,Moyenne,Faible
ID_750,95,60,9.0,10.3,3,Moyenne,Moyen
ID_751,70,90,3.6,15.6,0,Élevée,Faible
ID_752,86,53,6.7,9.1,2,Faible,Moyen
ID_753,79,85,5.2,13.7,1,Élevée,Faible
ID_754,92,49,8.3,8.4,2,Faible,Élevé
ID_755,75,76,4.5,12.0,0,Moyenne,Faible
ID_756,84,67,6.2,10.9,1,Moyenne,Moyen
ID_757,97,96,9.6,18.4,3,Élevée,Faible
ID_758,71,50,3.7,8.3,0,Faible,Élevé
ID_759,89,83,7.5,14.2,2,Moyenne,Faible
ID_760,82,71,5.9,11.5,1,Moyenne,Moyen
ID_761,93,91,8.6,16.7,3,Élevée,Faible
ID_762,77,58,4.8,9.8,0,Faible,Moyen
ID_763,85,80,6.4,13.3,1,Moyenne,Faible
ID_764,78,66,5.0,10.8,1,Moyenne,Moyen
ID_765,91,88,8.2,15.9,2,Élevée,Faible
ID_766,73,54,4.1,9.1,0,Faible,Moyen
ID_767,87,82,6.9,13.9,2,Moyenne,Faible
ID_768,80,68,5.5,11.0,1,Moyenne,Moyen
ID_769,94,94,8.9,17.5,3,Élevée,Faible
ID_770,69,47,3.3,7.8,0,Faible,Élevé
ID_771,84,76,6.1,12.5,1,Moyenne,Faible
ID_772,91,89,8.1,16.1,2,Élevée,Faible
ID_773,76,61,4.6,10.2,0,Moyenne,Moyen
ID_774,86,81,6.8,13.5,2,Moyenne,Faible
ID_775,72,87,3.9,14.7,0,Élevée,Moyen
ID_776,90,45,7.6,7.7,2,Faible,Élevé
ID_777,83,73,6.0,11.6,1,Moyenne,Faible
ID_778,95,56,9.3,9.7,3,Faible,Moyen
ID_779,70,88,3.5,14.9,0,Élevée,Faible
ID_780,85,50,6.5,8.5,1,Faible,Moyen
ID_781,79,84,5.3,13.6,1,Élevée,Faible
ID_782,91,62,8.0,10.7,2,Moyenne,Moyen
ID_783,74,91,4.4,16.2,0,Élevée,Faible
ID_784,87,47,6.9,8.0,2,Faible,Élevé
ID_785,81,78,5.7,12.4,1,Moyenne,Faible
ID_786,93,59,8.5,10.2,3,Moyenne,Moyen
ID_787,69,86,3.4,14.5,0,Élevée,Moyen
ID_788,84,52,6.2,8.9,1,Faible,Moyen
ID_789,77,80,4.9,12.8,1,Moyenne,Faible
ID_790,92,64,8.3,10.9,2,Moyenne,Moyen
ID_791,72,93,4.0,16.7,0,Élevée,Faible
ID_792,88,48,7.2,8.2,2,Faible,Élevé
ID_793,82,75,5.8,11.9,1,Moyenne,Faible
ID_794,95,61,9.1,10.5,3,Moyenne,Moyen
ID_795,70,89,3.6,15.2,0,Élevée,Faible
ID_796,86,54,6.6,9.3,2,Faible,Moyen
ID_797,79,85,5.2,13.8,1,Élevée,Faible
ID_798,90,49,7.7,8.4,2,Faible,Élevé
ID_799,75,77,4.5,12.2,0,Moyenne,Faible
ID_800,83,67,6.1,10.9,1,Moyenne,Moyen
ID_801,96,95,9.5,18.3,3,Élevée,Faible
ID_802,71,51,3.8,8.5,0,Faible,Élevé
ID_803,89,84,7.4,14.3,2,Moyenne,Faible
ID_804,82,70,5.9,11.3,1,Moyenne,Moyen
ID_805,93,92,8.7,16.8,3,Élevée,Faible
ID_806,76,57,4.7,9.6,0,Faible,Moyen
ID_807,85,79,6.5,13.1,1,Moyenne,Faible
ID_808,78,65,5.1,10.7,1,Moyenne,Moyen
ID_809,91,88,8.0,15.7,2,Élevée,Faible
ID_810,73,55,4.2,9.2,0,Faible,Moyen
ID_811,87,83,7.0,14.1,2,Moyenne,Faible
ID_812,80,69,5.4,11.2,1,Moyenne,Moyen
ID_813,94,93,8.8,17.3,3,Élevée,Faible
ID_814,68,46,3.2,7.9,0,Faible,Élevé
ID_815,84,77,6.3,12.6,1,Moyenne,Faible
ID_816,77,63,4.8,10.4,1,Moyenne,Moyen
ID_817,92,90,8.4,16.4,2,Élevée,Faible
ID_818,75,59,4.6,9.9,0,Moyenne,Moyen
ID_819,86,81,6.7,13.7,2,Moyenne,Faible
ID_820,71,74,3.7,11.7,0,Moyenne,Moyen
ID_821,88,48,7.3,8.3,2,Faible,Élevé
ID_822,83,86,6.2,14.2,1,Élevée,Faible
ID_823,95,58,9.2,10.0,3,Faible,Moyen
ID_824,70,91,3.5,15.9,0,Élevée,Faible
ID_825,85,44,6.6,7.6,1,Faible,Élevé
ID_826,79,79,5.3,12.5,1,Moyenne,Faible
ID_827,91,62,8.1,10.6,2,Moyenne,Moyen
ID_828,74,92,4.3,16.6,0,Élevée,Faible
ID_829,87,52,6.8,9.0,2,Faible,Moyen
ID_830,81,84,5.6,13.6,1,Élevée,Faible
ID_831,93,47,8.6,8.0,3,Faible,Élevé
ID_832,69,78,3.3,12.3,0,Moyenne,Moyen
ID_833,83,65,6.0,10.8,1,Moyenne,Moyen
ID_834,76,89,4.7,14.9,0,Élevée,Faible
ID_835,90,55,7.8,9.5,2,Faible,Moyen
ID_836,72,82,4.0,13.2,0,Élevée,Faible
ID_837,88,46,7.1,7.8,2,Faible,Élevé
ID_838,82,74,5.8,11.8,1,Moyenne,Faible
ID_839,95,60,9.0,10.3,3,Moyenne,Moyen
ID_840,70,90,3.6,15.6,0,Élevée,Faible
ID_841,86,53,6.7,9.1,2,Faible,Moyen
ID_842,79,85,5.2,13.7,1,Élevée,Faible
ID_843,92,49,8.3,8.4,2,Faible,Élevé
ID_844,75,76,4.5,12.0,0,Moyenne,Faible
ID_845,84,67,6.2,10.9,1,Moyenne,Moyen
ID_846,97,96,9.6,18.4,3,Élevée,Faible
ID_847,71,50,3.7,8.3,0,Faible,Élevé
ID_848,89,83,7.5,14.2,2,Moyenne,Faible
ID_849,82,71,5.9,11.5,1,Moyenne,Moyen
ID_850,93,91,8.6,16.7,3,Élevée,Faible
ID_851,77,58,4.8,9.8,0,Faible,Moyen
ID_852,85,80,6.4,13.3,1,Moyenne,Faible
ID_853,78,66,5.0,10.8,1,Moyenne,Moyen
ID_854,91,88,8.2,15.9,2,Élevée,Faible
ID_855,73,54,4.1,9.1,0,Faible,Moyen
ID_856,87,82,6.9,13.9,2,Moyenne,Faible
ID_857,80,68,5.5,11.0,1,Moyenne,Moyen
ID_858,94,94,8.9,17.5,3,Élevée,Faible
ID_859,69,47,3.3,7.8,0,Faible,Élevé
ID_860,84,76,6.1,12.5,1,Moyenne,Faible
ID_861,91,89,8.1,16.1,2,Élevée,Faible
ID_862,76,61,4.6,10.2,0,Moyenne,Moyen
ID_863,86,81,6.8,13.5,2,Moyenne,Faible
ID_864,72,87,3.9,14.7,0,Élevée,Moyen
ID_865,90,45,7.6,7.7,2,Faible,Élevé
ID_866,83,73,6.0,11.6,1,Moyenne,Faible
ID_867,95,56,9.3,9.7,3,Faible,Moyen
ID_868,70,88,3.5,14.9,0,Élevée,Faible
ID_869,85,50,6.5,8.5,1,Faible,Moyen
ID_870,79,84,5.3,13.6,1,Élevée,Faible
ID_871,91,62,8.0,10.7,2,Moyenne,Moyen
ID_872,74,91,4.4,16.2,0,Élevée,Faible
ID_873,87,47,6.9,8.0,2,Faible,Élevé
ID_874,81,78,5.7,12.4,1,Moyenne,Faible
ID_875,93,59,8.5,10.2,3,Moyenne,Moyen
ID_876,69,86,3.4,14.5,0,Élevée,Moyen
ID_877,84,52,6.2,8.9,1,Faible,Moyen
ID_878,77,80,4.9,12.8,1,Moyenne,Faible
ID_879,92,64,8.3,10.9,2,Moyenne,Moyen
ID_880,72,93,4.0,16.7,0,Élevée,Faible
ID_881,88,48,7.2,8.2,2,Faible,Élevé
ID_882,82,75,5.8,11.9,1,Moyenne,Faible
ID_883,95,61,9.1,10.5,3,Moyenne,Moyen
ID_884,70,89,3.6,15.2,0,Élevée,Faible
ID_885,86,54,6.6,9.3,2,Faible,Moyen
ID_886,79,85,5.2,13.8,1,Élevée,Faible
ID_887,90,49,7.7,8.4,2,Faible,Élevé
ID_888,75,77,4.5,12.2,0,Moyenne,Faible
ID_889,83,67,6.1,10.9,1,Moyenne,Moyen
ID_890,96,95,9.5,18.3,3,Élevée,Faible
ID_891,71,51,3.8,8.5,0,Faible,Élevé
ID_892,89,84,7.4,14.3,2,Moyenne,Faible
ID_893,82,70,5.9,11.3,1,Moyenne,Moyen
ID_894,93,92,8.7,16.8,3,Élevée,Faible
ID_895,76,57,4.7,9.6,0,Faible,Moyen
ID_896,85,79,6.5,13.1,1,Moyenne,Faible
ID_897,78,65,5.1,10.7,1,Moyenne,Moyen
ID_898,91,88,8.0,15.7,2,Élevée,Faible
ID_899,73,55,4.2,9.2,0,Faible,Moyen
ID_900,87,83,7.0,14.1,2,Moyenne,Faible
ID_901,80,69,5.4,11.2,1,Moyenne,Moyen
ID_902,94,93,8.8,17.3,3,Élevée,Faible
ID_903,68,46,3.2,7.9,0,Faible,Élevé
ID_904,84,77,6.3,12.6,1,Moyenne,Faible
ID_905,77,63,4.8,10.4,1,Moyenne,Moyen
ID_906,92,90,8.4,16.4,2,Élevée,Faible
ID_907,75,59,4.6,9.9,0,Moyenne,Moyen
ID_908,86,81,6.7,13.7,2,Moyenne,Faible
ID_909,71,74,3.7,11.7,0,Moyenne,Moyen
ID_910,88,48,7.3,8.3,2,Faible,Élevé
ID_911,83,86,6.2,14.2,1,Élevée,Faible
ID_912,95,58,9.2,10.0,3,Faible,Moyen
ID_913,70,91,3.5,15.9,0,Élevée,Faible
ID_914,85,44,6.6,7.6,1,Faible,Élevé
ID_915,79,79,5.3,12.5,1,Moyenne,Faible
ID_916,91,62,8.1,10.6,2,Moyenne,Moyen
ID_917,74,92,4.3,16.6,0,Élevée,Faible
ID_918,87,52,6.8,9.0,2,Faible,Moyen
ID_919,81,84,5.6,13.6,1,Élevée,Faible
ID_920,93,47,8.6,8.0,3,Faible,Élevé
ID_921,69,78,3.3,12.3,0,Moyenne,Moyen
ID_922,83,65,6.0,10.8,1,Moyenne,Moyen
ID_923,76,89,4.7,14.9,0,Élevée,Faible
ID_924,90,55,7.8,9.5,2,Faible,Moyen
ID_925,72,82,4.0,13.2,0,Élevée,Faible
ID_926,88,46,7.1,7.8,2,Faible,Élevé
ID_927,82,74,5.8,11.8,1,Moyenne,Faible
ID_928,95,60,9.0,10.3,3,Moyenne,Moyen
ID_929,70,90,3.6,15.6,0,Élevée,Faible
ID_930,86,53,6.7,9.1,2,Faible,Moyen
ID_931,79,85,5.2,13.7,1,Élevée,Faible
ID_932,92,49,8.3,8.4,2,Faible,Élevé
ID_933,75,76,4.5,12.0,0,Moyenne,Faible
ID_934,84,67,6.2,10.9,1,Moyenne,Moyen
ID_935,97,96,9.6,18.4,3,Élevée,Faible
ID_936,71,50,3.7,8.3,0,Faible,Élevé
ID_937,89,83,7.5,14.2,2,Moyenne,Faible
ID_938,82,71,5.9,11.5,1,Moyenne,Moyen
ID_939,93,91,8.6,16.7,3,Élevée,Faible
ID_940,77,58,4.8,9.8,0,Faible,Moyen
ID_941,85,80,6.4,13.3,1,Moyenne,Faible
ID_942,78,66,5.0,10.8,1,Moyenne,Moyen
ID_943,91,88,8.2,15.9,2,Élevée,Faible
ID_944,73,54,4.1,9.1,0,Faible,Moyen
ID_945,87,82,6.9,13.9,2,Moyenne,Faible
ID_946,80,68,5.5,11.0,1,Moyenne,Moyen
ID_947,94,94,8.9,17.5,3,Élevée,Faible
ID_948,69,47,3.3,7.8,0,Faible,Élevé
ID_949,84,76,6.1,12.5,1,Moyenne,Faible
ID_950,91,89,8.1,16.1,2,Élevée,Faible
ID_951,76,61,4.6,10.2,0,Moyenne,Moyen
ID_952,86,81,6.8,13.5,2,Moyenne,Faible
ID_953,72,87,3.9,14.7,0,Élevée,Moyen
ID_954,90,45,7.6,7.7,2,Faible,Élevé
ID_955,83,73,6.0,11.6,1,Moyenne,Faible
ID_956,95,56,9.3,9.7,3,Faible,Moyen
ID_957,70,88,3.5,14.9,0,Élevée,Faible
ID_958,85,50,6.5,8.5,1,Faible,Moyen
ID_959,79,84,5.3,13.6,1,Élevée,Faible
ID_960,91,62,8.0,10.7,2,Moyenne,Moyen
ID_961,74,91,4.4,16.2,0,Élevée,Faible
ID_962,87,47,6.9,8.0,2,Faible,Élevé
ID_963,81,78,5.7,12.4,1,Moyenne,Faible
ID_964,93,59,8.5,10.2,3,Moyenne,Moyen
ID_965,69,86,3.4,14.5,0,Élevée,Moyen
ID_966,84,52,6.2,8.9,1,Faible,Moyen
ID_967,77,80,4.9,12.8,1,Moyenne,Faible
ID_968,92,64,8.3,10.9,2,Moyenne,Moyen
ID_969,72,93,4.0,16.7,0,Élevée,Faible
ID_970,88,48,7.2,8.2,2,Faible,Élevé
ID_971,82,75,5.8,11.9,1,Moyenne,Faible
ID_972,95,61,9.1,10.5,3,Moyenne,Moyen
ID_973,70,89,3.6,15.2,0,Élevée,Faible
ID_974,86,54,6.6,9.3,2,Faible,Moyen
ID_975,79,85,5.2,13.8,1,Élevée,Faible
ID_976,90,49,7.7,8.4,2,Faible,Élevé
ID_977,75,77,4.5,12.2,0,Moyenne,Faible
ID_978,83,67,6.1,10.9,1,Moyenne,Moyen
ID_979,96,95,9.5,18.3,3,Élevée,Faible
ID_980,71,51,3.8,8.5,0,Faible,Élevé
ID_981,89,84,7.4,14.3,2,Moyenne,Faible
ID_982,82,70,5.9,11.3,1,Moyenne,Moyen
ID_983,93,92,8.7,16.8,3,Élevée,Faible
ID_984,76,57,4.7,9.6,0,Faible,Moyen
ID_985,85,79,6.5,13.1,1,Moyenne,Faible
ID_986,78,65,5.1,10.7,1,Moyenne,Moyen
ID_987,91,88,8.0,15.7,2,Élevée,Faible
ID_988,73,55,4.2,9.2,0,Faible,Moyen
ID_989,87,83,7.0,14.1,2,Moyenne,Faible
ID_990,80,69,5.4,11.2,1,Moyenne,Moyen
ID_991,94,93,8.8,17.3,3,Élevée,Faible
ID_992,68,46,3.2,7.9,0,Faible,Élevé
ID_993,84,77,6.3,12.6,1,Moyenne,Faible
ID_994,77,63,4.8,10.4,1,Moyenne,Moyen
ID_995,92,90,8.4,16.4,2,Élevée,Faible
ID_996,75,59,4.6,9.9,0,Moyenne,Moyen
ID_997,86,81,6.7,13.7,2,Moyenne,Faible
ID_998,71,74,3.7,11.7,0,Moyenne,Moyen
ID_999,88,48,7.3,8.3,2,Faible,Élevé
ID_1000,83,86,6.2,14.2,1,Élevée,Faible
ID_1001,95,58,9.2,10.0,3,Faible,Moyen
ID_1002,70,91,3.5,15.9,0,Élevée,Faible
ID_1003,85,44,6.6,7.6,1,Faible,Élevé
ID_1004,79,79,5.3,12.5,1,Moyenne,Faible
ID_1005,91,62,8.1,10.6,2,Moyenne,Moyen
ID_1006,74,92,4.3,16.6,0,Élevée,Faible
ID_1007,87,52,6.8,9.0,2,Faible,Moyen
ID_1008,81,84,5.6,13.6,1,Élevée,Faible
ID_1009,93,47,8.6,8.0,3,Faible,Élevé
ID_1010,69,78,3.3,12.3,0,Moyenne,Moyen
ID_1011,83,65,6.0,10.8,1,Moyenne,Moyen
ID_1012,76,89,4.7,14.9,0,Élevée,Faible
ID_1013,90,55,7.8,9.5,2,Faible,Moyen
ID_1014,72,82,4.0,13.2,0,Élevée,Faible
ID_1015,88,46,7.1,7.8,2,Faible,Élevé
ID_1016,82,74,5.8,11.8,1,Moyenne,Faible
ID_1017,95,60,9.0,10.3,3,Moyenne,Moyen
ID_1018,70,90,3.6,15.6,0,Élevée,Faible
ID_1019,86,53,6.7,9.1,2,Faible,Moyen
ID_1020,79,85,5.2,13.7,1,Élevée,Faible
ID_1021,92,49,8.3,8.4,2,Faible,Élevé
ID_1022,75,76,4.5,12.0,0,Moyenne,Faible
ID_1023,84,67,6.2,10.9,1,Moyenne,Moyen
ID_1024,97,96,9.6,18.4,3,Élevée,Faible
ID_1025,71,50,3.7,8.3,0,Faible,Élevé
ID_1026,89,83,7.5,14.2,2,Moyenne,Faible
ID_1027,82,71,5.9,11.5,1,Moyenne,Moyen
ID_1028,93,91,8.6,16.7,3,Élevée,Faible
ID_1029,77,58,4.8,9.8,0,Faible,Moyen
ID_1030,85,80,6.4,13.3,1,Moyenne,Faible
ID_1031,78,66,5.0,10.8,1,Moyenne,Moyen
ID_1032,91,88,8.2,15.9,2,Élevée,Faible
ID_1033,73,54,4.1,9.1,0,Faible,Moyen
ID_1034,87,82,6.9,13.9,2,Moyenne,Faible
ID_1035,80,68,5.5,11.0,1,Moyenne,Moyen
ID_1036,94,94,8.9,17.5,3,Élevée,Faible
ID_1037,69,47,3.3,7.8,0,Faible,Élevé
ID_1038,84,76,6.1,12.5,1,Moyenne,Faible
ID_1039,91,89,8.1,16.1,2,Élevée,Faible
ID_1040,76,61,4.6,10.2,0,Moyenne,Moyen
ID_1041,86,81,6.8,13.5,2,Moyenne,Faible
ID_1042,72,87,3.9,14.7,0,Élevée,Moyen
ID_1043,90,45,7.6,7.7,2,Faible,Élevé
ID_1044,83,73,6.0,11.6,1,Moyenne,Faible
ID_1045,95,56,9.3,9.7,3,Faible,Moyen
ID_1046,70,88,3.5,14.9,0,Élevée,Faible
ID_1047,85,50,6.5,8.5,1,Faible,Moyen
ID_1048,79,84,5.3,13.6,1,Élevée,Faible
ID_1049,91,62,8.0,10.7,2,Moyenne,Moyen
ID_1050,74,91,4.4,16.2,0,Élevée,Faible
ID_1051,87,47,6.9,8.0,2,Faible,Élevé
ID_1052,81,78,5.7,12.4,1,Moyenne,Faible
ID_1053,93,59,8.5,10.2,3,Moyenne,Moyen
ID_1054,69,86,3.4,14.5,0,Élevée,Moyen
ID_1055,84,52,6.2,8.9,1,Faible,Moyen
ID_1056,77,80,4.9,12.8,1,Moyenne,Faible
ID_1057,92,64,8.3,10.9,2,Moyenne,Moyen
ID_1058,72,93,4.0,16.7,0,Élevée,Faible
ID_1059,88,48,7.2,8.2,2,Faible,Élevé
ID_1060,82,75,5.8,11.9,1,Moyenne,Faible
ID_1061,95,61,9.1,10.5,3,Moyenne,Moyen
ID_1062,70,89,3.6,15.2,0,Élevée,Faible
ID_1063,86,54,6.6,9.3,2,Faible,Moyen
ID_1064,79,85,5.2,13.8,1,Élevée,Faible
ID_1065,90,49,7.7,8.4,2,Faible,Élevé
ID_1066,75,77,4.5,12.2,0,Moyenne,Faible
ID_1067,83,67,6.1,10.9,1,Moyenne,Moyen
ID_1068,96,95,9.5,18.3,3,Élevée,Faible
ID_1069,71,51,3.8,8.5,0,Faible,Élevé
ID_1070,89,84,7.4,14.3,2,Moyenne,Faible
ID_1071,82,70,5.9,11.3,1,Moyenne,Moyen
ID_1072,93,92,8.7,16.8,3,Élevée,Faible
ID_1073,76,57,4.7,9.6,0,Faible,Moyen
ID_1074,85,79,6.5,13.1,1,Moyenne,Faible
ID_1075,78,65,5.1,10.7,1,Moyenne,Moyen
ID_1076,91,88,8.0,15.7,2,Élevée,Faible
ID_1077,73,55,4.2,9.2,0,Faible,Moyen
ID_1078,87,83,7.0,14.1,2,Moyenne,Faible
ID_1079,80,69,5.4,11.2,1,Moyenne,Moyen
ID_1080,94,93,8.8,17.3,3,Élevée,Faible
ID_1081,68,46,3.2,7.9,0,Faible,Élevé
ID_1082,84,77,6.3,12.6,1,Moyenne,Faible
ID_1083,77,63,4.8,10.4,1,Moyenne,Moyen
ID_1084,92,90,8.4,16.4,2,Élevée,Faible
ID_1085,75,59,4.6,9.9,0,Moyenne,Moyen
ID_1086,86,81,6.7,13.7,2,Moyenne,Faible
ID_1087,71,74,3.7,11.7,0,Moyenne,Moyen
ID_1088,88,48,7.3,8.3,2,Faible,Élevé
ID_1089,83,86,6.2,14.2,1,Élevée,Faible
ID_1090,95,58,9.2,10.0,3,Faible,Moyen
ID_1091,70,91,3.5,15.9,0,Élevée,Faible
ID_1092,85,44,6.6,7.6,1,Faible,Élevé
ID_1093,79,79,5.3,12.5,1,Moyenne,Faible
ID_1094,91,62,8.1,10.6,2,Moyenne,Moyen
ID_1095,74,92,4.3,16.6,0,Élevée,Faible
ID_1096,87,52,6.8,9.0,2,Faible,Moyen
ID_1097,81,84,5.6,13.6,1,Élevée,Faible
ID_1098,93,47,8.6,8.0,3,Faible,Élevé
ID_1099,69,78,3.3,12.3,0,Moyenne,Moyen
ID_1100,83,65,6.0,10.8,1,Moyenne,Moyen
ID_1101,76,89,4.7,14.9,0,Élevée,Faible
ID_1102,90,55,7.8,9.5,2,Faible,Moyen
ID_1103,72,82,4.0,13.2,0,Élevée,Faible
ID_1104,88,46,7.1,7.8,2,Faible,Élevé
ID_1105,82,74,5.8,11.8,1,Moyenne,Faible
ID_1106,95,60,9.0,10.3,3,Moyenne,Moyen
ID_1107,70,90,3.6,15.6,0,Élevée,Faible
ID_1108,86,53,6.7,9.1,2,Faible,Moyen
ID_1109,79,85,5.2,13.7,1,Élevée,Faible
ID_1110,92,49,8.3,8.4,2,Faible,Élevé
ID_1111,75,76,4.5,12.0,0,Moyenne,Faible
ID_1112,84,67,6.2,10.9,1,Moyenne,Moyen
ID_1113,97,96,9.6,18.4,3,Élevée,Faible
ID_1114,71,50,3.7,8.3,0,Faible,Élevé
ID_1115,89,83,7.5,14.2,2,Moyenne,Faible
ID_1116,82,71,5.9,11.5,1,Moyenne,Moyen
ID_1117,93,91,8.6,16.7,3,Élevée,Faible
ID_1118,77,58,4.8,9.8,0,Faible,Moyen
ID_1119,85,80,6.4,13.3,1,Moyenne,Faible
ID_1120,78,66,5.0,10.8,1,Moyenne,Moyen
ID_1121,91,88,8.2,15.9,2,Élevée,Faible
ID_1122,73,54,4.1,9.1,0,Faible,Moyen
ID_1123,87,82,6.9,13.9,2,Moyenne,Faible
ID_1124,80,68,5.5,11.0,1,Moyenne,Moyen
ID_1125,94,94,8.9,17.5,3,Élevée,Faible
ID_1126,69,47,3.3,7.8,0,Faible,Élevé
ID_1127,84,76,6.1,12.5,1,Moyenne,Faible
ID_1128,91,89,8.1,16.1,2,Élevée,Faible
ID_1129,76,61,4.6,10.2,0,Moyenne,Moyen
ID_1130,86,81,6.8,13.5,2,Moyenne,Faible
ID_1131,72,87,3.9,14.7,0,Élevée,Moyen
ID_1132,90,45,7.6,7.7,2,Faible,Élevé
ID_1133,83,73,6.0,11.6,1,Moyenne,Faible
ID_1134,95,56,9.3,9.7,3,Faible,Moyen
ID_1135,70,88,3.5,14.9,0,Élevée,Faible
ID_1136,85,50,6.5,8.5,1,Faible,Moyen
ID_1137,79,84,5.3,13.6,1,Élevée,Faible
ID_1138,91,62,8.0,10.7,2,Moyenne,Moyen
ID_1139,74,91,4.4,16.2,0,Élevée,Faible
ID_1140,87,47,6.9,8.0,2,Faible,Élevé
ID_1141,81,78,5.7,12.4,1,Moyenne,Faible
ID_1142,93,59,8.5,10.2,3,Moyenne,Moyen
ID_1143,69,86,3.4,14.5,0,Élevée,Moyen
ID_1144,84,52,6.2,8.9,1,Faible,Moyen
ID_1145,77,80,4.9,12.8,1,Moyenne,Faible
ID_1146,92,64,8.3,10.9,2,Moyenne,Moyen
ID_1147,72,93,4.0,16.7,0,Élevée,Faible
ID_1148,88,48,7.2,8.2,2,Faible,Élevé
ID_1149,82,75,5.8,11.9,1,Moyenne,Faible
ID_1150,95,61,9.1,10.5,3,Moyenne,Moyen
ID_1151,70,89,3.6,15.2,0,Élevée,Faible
ID_1152,86,54,6.6,9.3,2,Faible,Moyen
ID_1153,79,85,5.2,13.8,1,Élevée,Faible
ID_1154,90,49,7.7,8.4,2,Faible,Élevé
ID_1155,75,77,4.5,12.2,0,Moyenne,Faible
ID_1156,83,67,6.1,10.9,1,Moyenne,Moyen
ID_1157,96,95,9.5,18.3,3,Élevée,Faible
ID_1158,71,51,3.8,8.5,0,Faible,Élevé
ID_1159,89,84,7.4,14.3,2,Moyenne,Faible
ID_1160,82,70,5.9,11.3,1,Moyenne,Moyen
ID_1161,93,92,8.7,16.8,3,Élevée,Faible
ID_1162,76,57,4.7,9.6,0,Faible,Moyen
ID_1163,85,79,6.5,13.1,1,Moyenne,Faible
ID_1164,78,65,5.1,10.7,1,Moyenne,Moyen
ID_1165,91,88,8.0,15.7,2,Élevée,Faible
ID_1166,73,55,4.2,9.2,0,Faible,Moyen
ID_1167,87,83,7.0,14.1,2,Moyenne,Faible
ID_1168,80,69,5.4,11.2,1,Moyenne,Moyen
ID_1169,94,93,8.8,17.3,3,Élevée,Faible
ID_1170,68,46,3.2,7.9,0,Faible,Élevé
ID_1171,84,77,6.3,12.6,1,Moyenne,Faible
ID_1172,77,63,4.8,10.4,1,Moyenne,Moyen
ID_1173,92,90,8.4,16.4,2,Élevée,Faible
ID_1174,75,59,4.6,9.9,0,Moyenne,Moyen
ID_1175,86,81,6.7,13.7,2,Moyenne,Faible
ID_1176,71,74,3.7,11.7,0,Moyenne,Moyen
ID_1177,88,48,7.3,8.3,2,Faible,Élevé
ID_1178,83,86,6.2,14.2,1,Élevée,Faible
ID_1179,95,58,9.2,10.0,3,Faible,Moyen
ID_1180,70,91,3.5,15.9,0,Élevée,Faible
ID_1181,85,44,6.6,7.6,1,Faible,Élevé
ID_1182,79,79,5.3,12.5,1,Moyenne,Faible
ID_1183,91,62,8.1,10.6,2,Moyenne,Moyen
ID_1184,74,92,4.3,16.6,0,Élevée,Faible
ID_1185,87,52,6.8,9.0,2,Faible,Moyen
ID_1186,81,84,5.6,13.6,1,Élevée,Faible
ID_1187,93,47,8.6,8.0,3,Faible,Élevé
ID_1188,69,78,3.3,12.3,0,Moyenne,Moyen
ID_1189,83,65,6.0,10.8,1,Moyenne,Moyen
ID_1190,76,89,4.7,14.9,0,Élevée,Faible
ID_1191,90,55,7.8,9.5,2,Faible,Moyen
ID_1192,72,82,4.0,13.2,0,Élevée,Faible
ID_1193,88,46,7.1,7.8,2,Faible,Élevé
ID_1194,82,74,5.8,11.8,1,Moyenne,Faible
ID_1195,95,60,9.0,10.3,3,Moyenne,Moyen
ID_1196,70,90,3.6,15.6,0,Élevée,Faible
ID_1197,86,53,6.7,9.1,2,Faible,Moyen
ID_1198,79,85,5.2,13.7,1,Élevée,Faible
ID_1199,92,49,8.3,8.4,2,Faible,Élevé
ID_1200,75,76,4.5,12.0,0,Moyenne,Faible
